[{"model": "contenttypes.contenttype", "pk": 1, "fields": {"app_label": "admin", "model": "logentry"}}, {"model": "contenttypes.contenttype", "pk": 2, "fields": {"app_label": "auth", "model": "permission"}}, {"model": "contenttypes.contenttype", "pk": 3, "fields": {"app_label": "auth", "model": "group"}}, {"model": "contenttypes.contenttype", "pk": 4, "fields": {"app_label": "auth", "model": "user"}}, {"model": "contenttypes.contenttype", "pk": 5, "fields": {"app_label": "contenttypes", "model": "contenttype"}}, {"model": "contenttypes.contenttype", "pk": 6, "fields": {"app_label": "sessions", "model": "session"}}, {"model": "contenttypes.contenttype", "pk": 7, "fields": {"app_label": "campus_app", "model": "noticia"}}, {"model": "sessions.session", "pk": "5ufy562zukg9k109bkxxf4qiokst6tsp", "fields": {"session_data": "MGI1ZGI0YjI3OWViZmMwMTk5MmFjNTgwYzY0ZmE2MGExNGRiNWY1Yjp7Il9hdXRoX3VzZXJfaWQiOiIxIiwiX2F1dGhfdXNlcl9iYWNrZW5kIjoiZGphbmdvLmNvbnRyaWIuYXV0aC5iYWNrZW5kcy5Nb2RlbEJhY2tlbmQiLCJfYXV0aF91c2VyX2hhc2giOiJlMjk2OTlmZGUzNzNkYWM2NGJmNzAxM2U1Y2I2ZTM5M2VkZGRkNjdmIn0=", "expire_date": "2019-12-04T12:05:05.337Z"}}, {"model": "sessions.session", "pk": "6r38oxt2eu06dzxc8bb3euc4lc5gzvmk", "fields": {"session_data": "MDAwYTY5Y2U2NmM0OTcwOWU2YzU0NDU0Njk4YWZiOGZiNGFhMzQyYjp7Il9hdXRoX3VzZXJfaWQiOiIxNSIsIl9hdXRoX3VzZXJfYmFja2VuZCI6ImRqYW5nby5jb250cmliLmF1dGguYmFja2VuZHMuTW9kZWxCYWNrZW5kIiwiX2F1dGhfdXNlcl9oYXNoIjoiZWY0ZDNkNTNkZTE1YjUzYzY0NzBjMzA3ODNmZjBmMTU4MTMyMDIzMSJ9", "expire_date": "2019-11-29T17:43:59.841Z"}}, {"model": "sessions.session", "pk": "832454v4wmu76qvlo0f42ppqyb5hksnq", "fields": {"session_data": "MDAwYTY5Y2U2NmM0OTcwOWU2YzU0NDU0Njk4YWZiOGZiNGFhMzQyYjp7Il9hdXRoX3VzZXJfaWQiOiIxNSIsIl9hdXRoX3VzZXJfYmFja2VuZCI6ImRqYW5nby5jb250cmliLmF1dGguYmFja2VuZHMuTW9kZWxCYWNrZW5kIiwiX2F1dGhfdXNlcl9oYXNoIjoiZWY0ZDNkNTNkZTE1YjUzYzY0NzBjMzA3ODNmZjBmMTU4MTMyMDIzMSJ9", "expire_date": "2019-11-08T14:11:18.872Z"}}, {"model": "sessions.session", "pk": "xo41f6e88m0wg5pdszaltgiozk3njvah", "fields": {"session_data": "MDAwYTY5Y2U2NmM0OTcwOWU2YzU0NDU0Njk4YWZiOGZiNGFhMzQyYjp7Il9hdXRoX3VzZXJfaWQiOiIxNSIsIl9hdXRoX3VzZXJfYmFja2VuZCI6ImRqYW5nby5jb250cmliLmF1dGguYmFja2VuZHMuTW9kZWxCYWNrZW5kIiwiX2F1dGhfdXNlcl9oYXNoIjoiZWY0ZDNkNTNkZTE1YjUzYzY0NzBjMzA3ODNmZjBmMTU4MTMyMDIzMSJ9", "expire_date": "2019-11-27T12:58:32.319Z"}}, {"model": "auth.permission", "pk": 1, "fields": {"name": "Can add log entry", "content_type": 1, "codename": "add_logentry"}}, {"model": "auth.permission", "pk": 2, "fields": {"name": "Can change log entry", "content_type": 1, "codename": "change_logentry"}}, {"model": "auth.permission", "pk": 3, "fields": {"name": "Can delete log entry", "content_type": 1, "codename": "delete_logentry"}}, {"model": "auth.permission", "pk": 4, "fields": {"name": "Can view log entry", "content_type": 1, "codename": "view_logentry"}}, {"model": "auth.permission", "pk": 5, "fields": {"name": "Can add permission", "content_type": 2, "codename": "add_permission"}}, {"model": "auth.permission", "pk": 6, "fields": {"name": "Can change permission", "content_type": 2, "codename": "change_permission"}}, {"model": "auth.permission", "pk": 7, "fields": {"name": "Can delete permission", "content_type": 2, "codename": "delete_permission"}}, {"model": "auth.permission", "pk": 8, "fields": {"name": "Can view permission", "content_type": 2, "codename": "view_permission"}}, {"model": "auth.permission", "pk": 9, "fields": {"name": "Can add group", "content_type": 3, "codename": "add_group"}}, {"model": "auth.permission", "pk": 10, "fields": {"name": "Can change group", "content_type": 3, "codename": "change_group"}}, {"model": "auth.permission", "pk": 11, "fields": {"name": "Can delete group", "content_type": 3, "codename": "delete_group"}}, {"model": "auth.permission", "pk": 12, "fields": {"name": "Can view group", "content_type": 3, "codename": "view_group"}}, {"model": "auth.permission", "pk": 13, "fields": {"name": "Can add user", "content_type": 4, "codename": "add_user"}}, {"model": "auth.permission", "pk": 14, "fields": {"name": "Can change user", "content_type": 4, "codename": "change_user"}}, {"model": "auth.permission", "pk": 15, "fields": {"name": "Can delete user", "content_type": 4, "codename": "delete_user"}}, {"model": "auth.permission", "pk": 16, "fields": {"name": "Can view user", "content_type": 4, "codename": "view_user"}}, {"model": "auth.permission", "pk": 17, "fields": {"name": "Can add content type", "content_type": 5, "codename": "add_contenttype"}}, {"model": "auth.permission", "pk": 18, "fields": {"name": "Can change content type", "content_type": 5, "codename": "change_contenttype"}}, {"model": "auth.permission", "pk": 19, "fields": {"name": "Can delete content type", "content_type": 5, "codename": "delete_contenttype"}}, {"model": "auth.permission", "pk": 20, "fields": {"name": "Can view content type", "content_type": 5, "codename": "view_contenttype"}}, {"model": "auth.permission", "pk": 21, "fields": {"name": "Can add session", "content_type": 6, "codename": "add_session"}}, {"model": "auth.permission", "pk": 22, "fields": {"name": "Can change session", "content_type": 6, "codename": "change_session"}}, {"model": "auth.permission", "pk": 23, "fields": {"name": "Can delete session", "content_type": 6, "codename": "delete_session"}}, {"model": "auth.permission", "pk": 24, "fields": {"name": "Can view session", "content_type": 6, "codename": "view_session"}}, {"model": "auth.permission", "pk": 25, "fields": {"name": "Can add noticia", "content_type": 7, "codename": "add_noticia"}}, {"model": "auth.permission", "pk": 26, "fields": {"name": "Can change noticia", "content_type": 7, "codename": "change_noticia"}}, {"model": "auth.permission", "pk": 27, "fields": {"name": "Can delete noticia", "content_type": 7, "codename": "delete_noticia"}}, {"model": "auth.permission", "pk": 28, "fields": {"name": "Can view noticia", "content_type": 7, "codename": "view_noticia"}}, {"model": "auth.group", "pk": 1, "fields": {"name": "Rep\u00f3rter", "permissions": [25, 26, 27, 28]}}, {"model": "auth.group", "pk": 2, "fields": {"name": "Editor", "permissions": [13, 14, 16, 25, 26, 27, 28]}}, {"model": "auth.user", "pk": 1, "fields": {"password": "pbkdf2_sha256$150000$OuW3AzUUcpRF$VM6a1kIkhSoqcrD/cJNFtymlVjaCN2QJzn2fZOjynGI=", "last_login": "2019-11-20T12:05:05.328Z", "is_superuser": true, "username": "sousa", "first_name": "Vin\u00edcius", "last_name": "de Sousa Santana", "email": "sousavinicius@hotmail.com", "is_staff": true, "is_active": true, "date_joined": "2019-09-26T15:37:13Z", "groups": [], "user_permissions": []}}, {"model": "auth.user", "pk": 2, "fields": {"password": "pbkdf2_sha256$150000$Uhp9xjFiJfcN$kOjWftymO6cYGJ7oQnUwA+oJxtxUyjm2YuMcwshL8RU=", "last_login": null, "is_superuser": false, "username": "annywest", "first_name": "Anny", "last_name": "West", "email": "annywestsoares@gmail.com", "is_staff": false, "is_active": true, "date_joined": "2019-09-26T16:05:48.107Z", "groups": [1], "user_permissions": []}}, {"model": "auth.user", "pk": 3, "fields": {"password": "pbkdf2_sha256$150000$1KUsqoD50Ti9$wMhbINBtj8Aj+geYiOP7P0uUUHv53PEMMuIx7SpNCqk=", "last_login": null, "is_superuser": false, "username": "anaclaracabeceira", "first_name": "Ana Clara", "last_name": "Cabeceira", "email": "anaclaracabeceira@gmail.com", "is_staff": false, "is_active": true, "date_joined": "2019-09-26T16:11:11.784Z", "groups": [1], "user_permissions": []}}, {"model": "auth.user", "pk": 4, "fields": {"password": "pbkdf2_sha256$150000$cCSoEOB0zUru$WaEunF3xUjkFws6sLZyt8LaSJ9qJznBq38ljl0LUye8=", "last_login": null, "is_superuser": false, "username": "analuisasantos", "first_name": "Ana Lu\u00edsa", "last_name": "Santos", "email": "analuisasousasantos@gmail.com", "is_staff": false, "is_active": true, "date_joined": "2019-09-26T17:04:39.948Z", "groups": [1], "user_permissions": []}}, {"model": "auth.user", "pk": 5, "fields": {"password": "pbkdf2_sha256$150000$EaMhg2XZBbtN$USHLYg19tFNsdgLXH07ZEnBSN4SFunEfeeyYpfE26og=", "last_login": null, "is_superuser": false, "username": "karineteles", "first_name": "Karine", "last_name": "Teles", "email": "karinetarajo@gmail.com", "is_staff": false, "is_active": true, "date_joined": "2019-09-26T17:05:27.018Z", "groups": [1], "user_permissions": []}}, {"model": "auth.user", "pk": 6, "fields": {"password": "pbkdf2_sha256$150000$Ok3j5TGM00G9$E/0g2Nc/IoMgRSEmGnba0XWfnS3fYKC2NJ6X2Mo5X8w=", "last_login": null, "is_superuser": false, "username": "thalvez", "first_name": "Thales", "last_name": "Alves", "email": "thaleesalves@gmail.com", "is_staff": false, "is_active": true, "date_joined": "2019-09-26T17:06:32.538Z", "groups": [1], "user_permissions": []}}, {"model": "auth.user", "pk": 7, "fields": {"password": "pbkdf2_sha256$150000$ErmhF24CKE17$S3tAyZLzH8QmT5fbDsYzn9BRTJcAsZeaXGTuwGaCE6U=", "last_login": null, "is_superuser": false, "username": "joanadiniz", "first_name": "Joana", "last_name": "Diniz", "email": "jooanadiniz@gmail.com", "is_staff": false, "is_active": true, "date_joined": "2019-09-26T17:09:07.424Z", "groups": [1], "user_permissions": []}}, {"model": "auth.user", "pk": 8, "fields": {"password": "pbkdf2_sha256$150000$BOqsMv9WaAeM$B9+SdL69ggpzae5xYm+MBR82eI8mENVtkLk7tmjYKAg=", "last_login": null, "is_superuser": false, "username": "raquelrib", "first_name": "Raquel", "last_name": "Ribeiro", "email": "raquelribfernandes@gmail.com", "is_staff": false, "is_active": true, "date_joined": "2019-09-26T17:10:10.177Z", "groups": [1], "user_permissions": []}}, {"model": "auth.user", "pk": 9, "fields": {"password": "pbkdf2_sha256$150000$jS7hZ2FYrRwV$GURkxKDzTD6rwwufUjP3E0De/PIapq83O1oDQP4tO4s=", "last_login": null, "is_superuser": false, "username": "anacaolima", "first_name": "Ana Clara", "last_name": "Alves", "email": "a.clara1998@gmail.com", "is_staff": false, "is_active": true, "date_joined": "2019-09-26T17:11:12.107Z", "groups": [1], "user_permissions": []}}, {"model": "auth.user", "pk": 10, "fields": {"password": "pbkdf2_sha256$150000$Z9BPoKYGEuZP$uNv9NEEZSRXoNBwit2TBdukQWShTMWeAq8JlUvLZO3U=", "last_login": null, "is_superuser": false, "username": "silvanas", "first_name": "Silvana", "last_name": "Sousa", "email": "silwanasousa19@gmail.com", "is_staff": false, "is_active": true, "date_joined": "2019-09-26T17:11:45.365Z", "groups": [1], "user_permissions": []}}, {"model": "auth.user", "pk": 11, "fields": {"password": "pbkdf2_sha256$150000$jyOy0s5WmTxo$6lg5G3oCSDqnL53pSanq5Hzdj+qW8mFXRNj98NFnRQs=", "last_login": null, "is_superuser": false, "username": "zanei.barcellos", "first_name": "Zanei", "last_name": "Barcellos", "email": "zanei.barcellos@gmail.com", "is_staff": false, "is_active": true, "date_joined": "2019-09-26T17:12:45.748Z", "groups": [2], "user_permissions": []}}, {"model": "auth.user", "pk": 12, "fields": {"password": "pbkdf2_sha256$150000$gwbdDw0JoqEK$kVpgut9HWD/o32gltMRihbcbCb8MU/TietOp6MFSh58=", "last_login": null, "is_superuser": false, "username": "joaopedrolimab", "first_name": "Jo\u00e3o Pedro", "last_name": "Lima", "email": "joaopedrolimab@gmail.com", "is_staff": false, "is_active": true, "date_joined": "2019-09-26T17:13:21.082Z", "groups": [1], "user_permissions": []}}, {"model": "auth.user", "pk": 13, "fields": {"password": "pbkdf2_sha256$150000$Eyz8cJG7ONQq$xhTLQ/UFnUjWJRWhmNeC3xFOitIvAYtkl38BXm9NoG8=", "last_login": null, "is_superuser": false, "username": "MattMarques", "first_name": "Matheus", "last_name": "Marques", "email": "mattaugusto.sena@gmail.com", "is_staff": false, "is_active": true, "date_joined": "2019-09-26T17:13:54.810Z", "groups": [1], "user_permissions": []}}, {"model": "auth.user", "pk": 14, "fields": {"password": "pbkdf2_sha256$150000$rIcHm1UXbziQ$i0ZLf87MVUGQfHZ/JBOszkkZoBQJi3gGagK+VlnPa04=", "last_login": null, "is_superuser": false, "username": "jess_fcar", "first_name": "Jessica", "last_name": "Cardoso", "email": "jessica.fcardoso17@gmail.com", "is_staff": false, "is_active": true, "date_joined": "2019-09-26T17:14:33.121Z", "groups": [1], "user_permissions": []}}, {"model": "auth.user", "pk": 15, "fields": {"password": "pbkdf2_sha256$150000$MZwZ1zk8wHyb$vrJCiAVtMKqCH7701/2/tb4oitugnJISkbyI/qSaMlo=", "last_login": "2019-11-15T17:43:59.832Z", "is_superuser": false, "username": "wanessa", "first_name": "Wanessa", "last_name": "Alves", "email": "wanessaalves.pereira@gmail.com", "is_staff": false, "is_active": true, "date_joined": "2019-09-26T17:15:04.158Z", "groups": [2], "user_permissions": []}}, {"model": "auth.user", "pk": 16, "fields": {"password": "pbkdf2_sha256$150000$PyUUMP1eBtOY$AC8GTEdLgqSuuO0BlQtohE5eq09s3MmObIgXHtdmPa8=", "last_login": null, "is_superuser": false, "username": "mariaf", "first_name": "Maria", "last_name": "Ferreira", "email": "marialfa9@gmail.com", "is_staff": false, "is_active": true, "date_joined": "2019-09-26T17:15:39.862Z", "groups": [1], "user_permissions": []}}, {"model": "auth.user", "pk": 17, "fields": {"password": "pbkdf2_sha256$150000$Jzm99zO0MoHk$DDShQjsVe4GrELoXqkmcoTcDMHfhSVCuLRRVpSnvMZA=", "last_login": null, "is_superuser": false, "username": "eduardolmeirelles", "first_name": "Eduardo", "last_name": "Meirelles", "email": "eduardo.lmeirelles@gmail.com", "is_staff": false, "is_active": true, "date_joined": "2019-09-26T17:16:26.398Z", "groups": [1], "user_permissions": []}}, {"model": "auth.user", "pk": 18, "fields": {"password": "pbkdf2_sha256$150000$1OgbO7xpmW6A$kwgU5YOFQppB7FwjAHQ1XQ58Pg2qjdmrhVdasrY2Bjk=", "last_login": null, "is_superuser": false, "username": "felipealves", "first_name": "Felipe", "last_name": "Alves", "email": "felipecoalves@gmail.com", "is_staff": false, "is_active": true, "date_joined": "2019-09-26T17:16:59.758Z", "groups": [1], "user_permissions": []}}, {"model": "auth.user", "pk": 19, "fields": {"password": "pbkdf2_sha256$150000$JBMi4uwNEsa9$Xv/j5YC7s9bo2NCd8cw19c5BlmTtsUKkyuupwu3CAFc=", "last_login": "2019-09-26T17:34:28.076Z", "is_superuser": false, "username": "rford", "first_name": "Roberto", "last_name": "Ford", "email": "sirvexus@gmail.com", "is_staff": false, "is_active": true, "date_joined": "2019-09-26T17:23:39.494Z", "groups": [1], "user_permissions": []}}, {"model": "auth.user", "pk": 20, "fields": {"password": "pbkdf2_sha256$150000$UpAobZUwPSQ5$poBNIbvqSLB8v0sF8/CL91/a3e3GrSXuHNf9r8Ef62Y=", "last_login": null, "is_superuser": true, "username": "macedo", "first_name": "Fernanda", "last_name": "Souza", "email": "fernandamacedo.etb@gmail.com", "is_staff": true, "is_active": true, "date_joined": "2019-09-27T19:48:03Z", "groups": [], "user_permissions": []}}, {"model": "auth.user", "pk": 21, "fields": {"password": "pbkdf2_sha256$150000$AMYLPmwAEYvL$DtPe2ep9mnLCMO0Lmd6ysoHBjKev2pFgy6Fb13A0fro=", "last_login": null, "is_superuser": false, "username": "carla", "first_name": "Carla", "last_name": "Moura", "email": "carlafsmoura@gmail.com", "is_staff": false, "is_active": true, "date_joined": "2019-10-07T18:36:02.096Z", "groups": [], "user_permissions": []}}, {"model": "auth.user", "pk": 22, "fields": {"password": "pbkdf2_sha256$150000$u4Msj3XHN0QQ$ZyuhScE+NxoiIZ5X/iH9d1SmjaddUP2DXnoRtCveBgI=", "last_login": null, "is_superuser": false, "username": "zanei.barcellos@gmail.com", "first_name": "zanei", "last_name": "barcellos", "email": "zanei.barcellos@gmail.com", "is_staff": false, "is_active": false, "date_joined": "2019-10-30T12:24:47.317Z", "groups": [2], "user_permissions": []}}, {"model": "campus_app.noticia", "pk": 1, "fields": {"cod_usuario": 2, "titulo": "Suic\u00eddio e Sa\u00fade Mental dos estudantes: O fortalecimento de la\u00e7os em defesa da vida na Universidade", "palavras_chave": "", "resumo": "", "texto": "Suic\u00eddio e Sa\u00fade Mental dos estudantes: O fortalecimento de la\u00e7os em defesa da vida na Universidade. Entenda melhor o debate do tema na UnB e os caminhos de preven\u00e7\u00e3o.\r\nRep\u00f3rteres: Anny West e Raquel Ribeiro", "prioridade": 0, "link_externo": "https://campus.fac.unb.br/materias/2019-09-25-suicidio-e-saude-mental-dos-estudantes-o-fortalecimento-de-lacos-em-defesa-da-vida-na-universidade/", "link_foto": "https://i.imgur.com/Bbe1YV5.jpg", "link_audio": "", "link_video": null, "link_georreferenciamento": "", "data_publicacao": "2019-09-26T16:08:47.057Z", "dia_publicacao": "2019-09-26"}}, {"model": "campus_app.noticia", "pk": 4, "fields": {"cod_usuario": 15, "titulo": "Estamos de volta!", "palavras_chave": "", "resumo": "", "texto": "Agora \u00e9 real e oficial, o Campus Multiplataforma est\u00e1 de volta.\r\nTodos os dias teremos not\u00edcias fresquinhas sobre o tudo o que rola no nosso pa\u00eds UnB. Fiquem ligados no nosso aplicativo, para saber todas as novidades. Clique nas \"op\u00e7\u00f5es\" para acessar nossas redes sociais e site.", "prioridade": 0, "link_externo": null, "link_foto": "https://i.imgur.com/AvMOLfz.jpg", "link_audio": "", "link_video": null, "link_georreferenciamento": "", "data_publicacao": "2019-09-30T22:29:25.367Z", "dia_publicacao": "2019-09-30"}}, {"model": "campus_app.noticia", "pk": 6, "fields": {"cod_usuario": 7, "titulo": "Empr\u00e9stimo de notebooks \u00e9 o novo servi\u00e7o oferecido pela BCE", "palavras_chave": "", "resumo": "", "texto": "Implementando no in\u00edcio do segundo semestre de 2019, o empr\u00e9stimo de notebooks \u00e9 o novo servi\u00e7o oferecido pela BCE. Os notebooks s\u00e3o disponibilizados para alunos que fazem parte da assist\u00eancia estudantil, ind\u00edgenas e pessoas com defici\u00eancias cadastrados no Decanato de Assuntos Comunit\u00e1rios (DAC). Ao todo, 40 m\u00e1quinas est\u00e3o dispon\u00edveis, todas configuradas para atender as necessidades dos alunos, incluindo programas para pessoas com defici\u00eancia visual.", "prioridade": 0, "link_externo": "https://www.facebook.com/onlinecampus/photos/a.350570665038923/2379098382186131/?type=3&theater", "link_foto": "https://i.imgur.com/tq9xJqK.jpg", "link_audio": "", "link_video": null, "link_georreferenciamento": "", "data_publicacao": "2019-10-01T12:52:37.552Z", "dia_publicacao": "2019-10-01"}}, {"model": "campus_app.noticia", "pk": 7, "fields": {"cod_usuario": 15, "titulo": "Docentes da UnB aderem a greve das 48h", "palavras_chave": "", "resumo": "", "texto": "Come\u00e7a hoje, 02/10, a Greve Nacional da Educa\u00e7\u00e3o em todo pa\u00eds, que durar\u00e1 48h. A greve foi convocada pela centrais e entidades em defesa da educa\u00e7\u00e3o. O ato defende \u00e9 em defesa da educa\u00e7\u00e3o p\u00fablica, da ci\u00eancia, da tecnologia e soberania nacional. Em Bras\u00edlia, a programa\u00e7\u00e3o come\u00e7a hoje com a Marcha pela Ci\u00eancia e Tecnologia, com concentra\u00e7\u00e3, \u00e0s 16h, em frente ao Anexo II da C\u00e2mara dos Deputados. Acompanhe a cobertura completa nas nossas redes sociais.", "prioridade": 0, "link_externo": null, "link_foto": "https://i.imgur.com/WQbzj0n.jpg", "link_audio": "", "link_video": null, "link_georreferenciamento": "", "data_publicacao": "2019-10-02T17:39:23.646Z", "dia_publicacao": "2019-10-02"}}, {"model": "campus_app.noticia", "pk": 8, "fields": {"cod_usuario": 15, "titulo": "UnB nos 60 anos de Bras\u00edlia", "palavras_chave": "", "resumo": "", "texto": "A UnB faz parte da hist\u00f3ria da capital Federal, sua hist\u00f3ria se entrela\u00e7a com a da universidade. Em 2020 Bras\u00edlia completar\u00e1 60 anos, e a Universidade de Bras\u00edlia far\u00e1 parte desta comemora\u00e7\u00e3o promovendo a\u00e7\u00f5es e apresentando o que a universidade produz a toda comunidade. Para isso, foi criada um formul\u00e1rio online onde voc\u00ea pode sugerir a\u00e7\u00f5es para a universidade realizar durante as comemora\u00e7\u00f5es. Voc\u00ea pode enviar sua sugest\u00e3o at\u00e9 o dia 07 de outubro.\r\nFoto: Arquivo SECOM/UnB", "prioridade": 0, "link_externo": "https://campus.fac.unb.br/materias/2019-10-02-universidade-de-brasilia-uma-historia-para-recordar/", "link_foto": "https://i.imgur.com/Rjx52JZ.jpg", "link_audio": "", "link_video": null, "link_georreferenciamento": "", "data_publicacao": "2019-10-03T00:02:39.423Z", "dia_publicacao": "2019-10-02"}}, {"model": "campus_app.noticia", "pk": 9, "fields": {"cod_usuario": 4, "titulo": "Apesar do \u00faltimo desbloqueio, poucas bolsas da p\u00f3s-gradua\u00e7\u00e3o voltaram para a UnB", "palavras_chave": "", "resumo": "", "texto": "A UnB sofreu cortes durante o ano de 2019 nas bolsas de p\u00f3s-gradua\u00e7\u00e3o. Entenda como est\u00e1 a situa\u00e7\u00e3o da universidade e dos pesquisadores neste cen\u00e1rio de cortes.", "prioridade": 0, "link_externo": "https://www.facebook.com/onlinecampus/photos/a.350570665038923/2394111507351485/?type=3&eid=ARBjEpFywf-kRxHLfFB-18LNuNIyOrV2YmqnYuI46dWlhqsu4874RIWXNnM85FycMh4YWwh04RGO5usS&__tn__=EEHH-R", "link_foto": "https://i.imgur.com/zCrE46A.jpg", "link_audio": "", "link_video": null, "link_georreferenciamento": "", "data_publicacao": "2019-10-07T12:01:13.839Z", "dia_publicacao": "2019-10-07"}}, {"model": "campus_app.noticia", "pk": 10, "fields": {"cod_usuario": 15, "titulo": "Participe do grupo de WhatsApp do Campus", "palavras_chave": "", "resumo": "", "texto": "Voc\u00ea sabia que o Campusito, nosso mascote, tamb\u00e9m tem whatsapp e toda noite divulga o um resumo com todas as informa\u00e7\u00f5es do dia? Al\u00e9m disso ele tamb\u00e9m te conta o que vai ter no card\u00e1pio do RU. Voc\u00ea tamb\u00e9m pode sugerir pautas para o nosso jornal. Clique em \u201cLer mais\u201d que voc\u00ea vai ser direcionado para o grupo de transmiss\u00e3o do Campusito.", "prioridade": 0, "link_externo": "https://chat.whatsapp.com/HA7p3QSLABXFSOLd9pM7pM", "link_foto": "https://i.imgur.com/Q3XEudS.jpg", "link_audio": "", "link_video": null, "link_georreferenciamento": "", "data_publicacao": "2019-10-07T13:42:48.868Z", "dia_publicacao": "2019-10-07"}}, {"model": "campus_app.noticia", "pk": 11, "fields": {"cod_usuario": 21, "titulo": "PROJETOS DA UNB INCENTIVAM A ENTRADA DE MENINAS NAS \u00c1REAS DE EXATAS", "palavras_chave": "", "resumo": "", "texto": "As mulheres representam menos da metade das vagas das ci\u00eancias duras, apenas\r\n45%. Para mudar este fato projetos de extens\u00e3o da UnB buscam incentivar o\r\ninteresse de meninas de escolas p\u00fablicas do Distrito Federal a se interessarem pela\r\n\u00e1rea nas ci\u00eancias exatas.", "prioridade": 0, "link_externo": "https://campus.fac.unb.br/materias/2019-10-03-projetos-da-unb-incentivam-a-entrada-de-meninas-nas-areas-de-exatas/", "link_foto": "https://i.imgur.com/PikQ8zc.jpg", "link_audio": "", "link_video": null, "link_georreferenciamento": "", "data_publicacao": "2019-10-07T19:09:42.406Z", "dia_publicacao": "2019-10-07"}}, {"model": "campus_app.noticia", "pk": 12, "fields": {"cod_usuario": 15, "titulo": "PIBIC SOBRE APP DO CAMPUS GANHA MEN\u00c7\u00c3O HONROSA DA UnB", "palavras_chave": "", "resumo": "", "texto": "O aluno Carlos Xavier recebeu Men\u00e7\u00e3o Honrosa pelo PIBIC intitulado \u201cAplicativos Jornal\u00edsticos\u201d. Durante a pesquisa ele avaliou o desempenho do aplicativo do Campus, que foi desenvolvido por alunos da Ci\u00eancia da Computa\u00e7\u00e3o, em parceria com a Faculdade de Comunica\u00e7\u00e3o. Segundo Xavier, o uso de aplicativos como ferramenta jornal\u00edstica ainda \u00e9 muito recente, mas muito promissor: \u201cO aplicativo m\u00f3vel se mostrou uma grande tend\u00eancia para a troca e compartilhamento de informa\u00e7\u00f5es\u201d. Ele contou que ficou bastante surpreso e feliz com a Men\u00e7\u00e3o: \u201cFiquei bastante feliz, e me deu muito g\u00e1s para continuar\".", "prioridade": 0, "link_externo": null, "link_foto": "https://i.imgur.com/Eom5MHU.jpg", "link_audio": "", "link_video": null, "link_georreferenciamento": "", "data_publicacao": "2019-10-08T00:30:48.997Z", "dia_publicacao": "2019-10-07"}}, {"model": "campus_app.noticia", "pk": 13, "fields": {"cod_usuario": 17, "titulo": "Campanha BCE Ecol\u00f3gica economiza 18 mil copos descart\u00e1veis em 60 dias", "palavras_chave": "", "resumo": "", "texto": "A campanha \u00e9 uma parceria da Biblioteca Central da Universidade de Bras\u00edlia (BCE) com Centro de Desenvolvimento Sustent\u00e1vel (CDS/UnB). A ideia lan\u00e7ada em abril de 2019, j\u00e1 demonstra na pr\u00e1tica o resultado desta campanha de educa\u00e7\u00e3o ambiental: Nos \u00faltimos 60 dias, mais de 18 mil copos foram economizados. A campanha vem em sintonia ao Grupo de Trabalho da Sociedade Civil para a Agenda 2030 (GT Agenda 2030). Plano de a\u00e7\u00e3o proposto pela ONU que une objetivos de sustentabilidade. A campanha BCE Ecol\u00f3gica continua. A inten\u00e7\u00e3o \u00e9 de que esses n\u00fameros n\u00e3o sofram regress\u00e3o.", "prioridade": 0, "link_externo": null, "link_foto": "https://i.imgur.com/X1yXZjr.jpg", "link_audio": "", "link_video": null, "link_georreferenciamento": "", "data_publicacao": "2019-10-09T18:52:26.406Z", "dia_publicacao": "2019-10-09"}}, {"model": "campus_app.noticia", "pk": 15, "fields": {"cod_usuario": 3, "titulo": "UnB n\u00e3o vai mais aderir ao SISU", "palavras_chave": "", "resumo": "", "texto": "Em 2019, UnB anunciou que n\u00e3o ir\u00e1 mais utilizar o Sistema de Sele\u00e7\u00e3o Unificado (SiSU) para sele\u00e7\u00e3o de alunos a partir das notas obtidas no Enem. O aluno, ao inv\u00e9s de realizar a inscri\u00e7\u00e3o pelo SiSU, dever\u00e1 se inscrever gratuitamente em um edital pr\u00f3prio da UnB j\u00e1 informando o curso, turno e campus desejados. Outra mudan\u00e7a \u00e9 que o SisUnB foi extinto, fazendo com que os alunos permane\u00e7am com o mesmo.\r\nRep\u00f3rteres: Ana Clara Cabeceira e Jessica Cardoso", "prioridade": 0, "link_externo": null, "link_foto": null, "link_audio": "", "link_video": "https://www.youtube.com/embed/4Xj9QyiW4yk", "link_georreferenciamento": "", "data_publicacao": "2019-10-12T00:21:18.107Z", "dia_publicacao": "2019-10-11"}}, {"model": "campus_app.noticia", "pk": 16, "fields": {"cod_usuario": 3, "titulo": "Proic organiza divulga\u00e7\u00e3o do Pibic", "palavras_chave": "", "resumo": "", "texto": "Os estudantes do edital 2018/2019 do Proic podem enviar o arquivo em pdf de seus banners no email pibicunb@gmail.com. Os projetos foram apresentados no 25\u2070 Congresso de Inicia\u00e7\u00e3o Cient\u00edfica. Os banners ser\u00e3o postados no site do Proic e do DPG. A a\u00e7\u00e3o visa maior publicidade das atividades feitas na UnB.\r\n\r\nArte: Ana Clara Cabeceira", "prioridade": 0, "link_externo": null, "link_foto": "https://i.imgur.com/hEv61e9.jpg", "link_audio": "", "link_video": null, "link_georreferenciamento": "", "data_publicacao": "2019-10-16T19:16:22.026Z", "dia_publicacao": "2019-10-16"}}, {"model": "campus_app.noticia", "pk": 17, "fields": {"cod_usuario": 15, "titulo": "Inscri\u00e7\u00f5es para o PAS terminam nesta sexta", "palavras_chave": "", "resumo": "", "texto": "Amanh\u00e3, 18/10, \u00e9 o \u00faltimo dia de inscri\u00e7\u00f5es do Programa de Avalia\u00e7\u00e3o Seriada (PAS), uma das formas de ingresso na Universidade de Bras\u00edlia (UnB). Podem se inscrever alunos do primeiro, segundo e terceiro ano do ensino m\u00e9dio. O valor da taxa de inscri\u00e7\u00e3o \u00e9 R$ 118,00 e deve ser paga at\u00e9 o dia 06/11. \r\nA prova acontecer\u00e1 na data prov\u00e1vel de 01/12, \u00e0s 13h, hor\u00e1rio de Bras\u00edlia. Esse ano h\u00e1 uma mudan\u00e7a, os alunos que ir\u00e3o fazer a terceira etapa do PAS n\u00e3o poder\u00e3o utilizar o SISUnB, que possibilita o aluno mudar op\u00e7\u00e3o de curso ap\u00f3s o resultado oficial da prova. Inscri\u00e7\u00f5es no site do Cebraspe.", "prioridade": 0, "link_externo": null, "link_foto": "https://i.imgur.com/1MYtsaY.jpg", "link_audio": "", "link_video": null, "link_georreferenciamento": "", "data_publicacao": "2019-10-17T23:53:20.809Z", "dia_publicacao": "2019-10-17"}}, {"model": "campus_app.noticia", "pk": 18, "fields": {"cod_usuario": 21, "titulo": "CHAPA \u201cA GENTE QUE LUTE\u201d VENCE AS ELEI\u00c7\u00d5ES PARA O DCE DA UNB", "palavras_chave": "", "resumo": "", "texto": "A chapa \u201cA gente que lute\u201d, ganhou as elei\u00e7\u00f5es para o Diret\u00f3rio Central dos Estudantes (DCE) da UnB, por 7.143 votos contra 2.376 da chapa \u201cAlian\u00e7a\u201d. Para Amanda Mariana Alves, Diretora de Esportes da chapa, \u201cvimos a necessidade de uma chapa que fosse uma alternativa para os estudantes que querem mudan\u00e7as na forma como o DCE os representam.\u201d Com propostas de defesa ao ensino, pesquisa e extens\u00e3o, a chapa, tamb\u00e9m buscar\u00e1 a autonomia universit\u00e1ria, nas elei\u00e7\u00f5es para reitoria e levantar\u00e1 pautas raciais, acessibilidade, g\u00eanero, seguran\u00e7a, sa\u00fade, cultura e lazer, fazem parte das a\u00e7\u00f5es proposta.", "prioridade": 0, "link_externo": null, "link_foto": null, "link_audio": "", "link_video": "https://www.youtube.com/embed/ELt4yyDUv3g", "link_georreferenciamento": "", "data_publicacao": "2019-10-18T19:07:53.489Z", "dia_publicacao": "2019-10-18"}}, {"model": "campus_app.noticia", "pk": 19, "fields": {"cod_usuario": 15, "titulo": "CDT est\u00e1 com edital aberto para submiss\u00e3o de novos projetos", "palavras_chave": "", "resumo": "", "texto": "O Centro de Apoio ao Desenvolvimento Tecnol\u00f3gico (CDT/UnB), apoia empresas com ideias inovadoras, cient\u00edficas e tecnol\u00f3gicas. A multincubadora, programa criado pelo Centro em 1989, tem projetos que auxilia o empreendedor da ideia, estrutura\u00e7\u00e3o, desenvolvimento at\u00e9 a ideia de produto ou servi\u00e7o est\u00e1 pronto para o mercado. Mais de 232 empresas j\u00e1 passaram pelo CDT e atualmente exitem cerca de 140 empresas incubadas. O edital para sele\u00e7\u00e3o de novas empresas est\u00e1 aberto desde o dia 14 de maio de 2019 e encerra em 13 de dezembro, \u00e0s 17h. Rep\u00f3rteres:Maria Ferreira e Wanessa Alves. Foto:Wanessa Alves", "prioridade": 0, "link_externo": "https://campus.fac.unb.br/materias/2019-10-18-de-inspecao-de-eficiencia-energetica-em-edificios-a-tratamento-ecologico-de-esgoto-conheca-o-cdt-e-sua-multincubadora-de-empreendedorismo/", "link_foto": "https://i.imgur.com/F7hYc5g.jpg", "link_audio": "", "link_video": null, "link_georreferenciamento": "", "data_publicacao": "2019-10-19T14:05:54.782Z", "dia_publicacao": "2019-10-19"}}, {"model": "campus_app.noticia", "pk": 20, "fields": {"cod_usuario": 15, "titulo": "Banheiro Neutro no IDA", "palavras_chave": "", "resumo": "", "texto": "A UnB tem dado passos para a inclus\u00e3o dos alunos. No Instituto de artes (IDA/UnB), existe um banheiro neutro que pode ser utilizado por alunos de todos os g\u00eaneros. Al\u00e9m deste exite outros espalhados pela UnB, um deles fica no Espa\u00e7o Multiuso. Foto: Ana Clara Cabeceira", "prioridade": 0, "link_externo": null, "link_foto": "https://i.imgur.com/fCqINrE.jpg", "link_audio": "", "link_video": null, "link_georreferenciamento": "", "data_publicacao": "2019-10-21T13:59:59.895Z", "dia_publicacao": "2019-10-21"}}, {"model": "campus_app.noticia", "pk": 21, "fields": {"cod_usuario": 4, "titulo": "Future-se: um projeto que prop\u00f5e o que a UnB j\u00e1 faz", "palavras_chave": "", "resumo": "", "texto": "No dia 17 de julho, o Minist\u00e9rio da Educa\u00e7\u00e3o (MEC) apresentou o Programa Instituto e Universidades Empreendedoras e Inovadoras - Future-se com a proposta de reformular o ensino superior. No entanto, grande parte das universidades se mostraram contr\u00e1rias \u00e0 proposta, inclusive a UnB. Para a Universidade de Bras\u00edlia, o Future-se prop\u00f5e algo que a Universidade j\u00e1 faz. Leia a mat\u00e9ria na \u00edntegra no nosso site. Rep\u00f3rteres: Ana Lu\u00edsa Santos e Jessica Cardoso", "prioridade": 0, "link_externo": "https://campus.fac.unb.br/materias/2019-10-22-future-se-um-projeto-que-propoe-o-que-a-unb-ja-faz/", "link_foto": null, "link_audio": "", "link_video": "https://www.youtube.com/embed/qQ-bUAjDrNU", "link_georreferenciamento": "", "data_publicacao": "2019-10-22T18:23:06.463Z", "dia_publicacao": "2019-10-22"}}, {"model": "campus_app.noticia", "pk": 22, "fields": {"cod_usuario": 12, "titulo": "COORDENADORIA DE APOIO A PESSOA COM DEFICI\u00caNCIA AJUDA QUASE 400 ESTUDANTES", "palavras_chave": "", "resumo": "", "texto": "Com 385 estudantes, 70 acolhidos s\u00f3 esse ano, a Coordenadoria de Apoio \u00e0 Pessoa com Defici\u00eancia (PPNE) se preocupa com a cria\u00e7\u00e3o de um espa\u00e7o acolhedor para que a universidade permita n\u00e3o s\u00f3 a entrada, mas a perman\u00eancia e a diploma\u00e7\u00e3o de todos os alunos. O PPNE cuida de transporte, adapta\u00e7\u00e3o de mat\u00e9rias did\u00e1ticos e de salas de aula, al\u00e9m de fornecer um servi\u00e7o de tutoria especial que \u00e9 parecido com a monitoria. No site do PPNE (acessibilidade.unb.br) para conhecer com mais detalhes todas as a\u00e7\u00f5es. Arte: Jo\u00e3o Pedro Lima", "prioridade": 0, "link_externo": null, "link_foto": "https://i.imgur.com/g6hD96f.jpg", "link_audio": "", "link_video": null, "link_georreferenciamento": "", "data_publicacao": "2019-10-23T18:50:55.909Z", "dia_publicacao": "2019-10-23"}}, {"model": "campus_app.noticia", "pk": 23, "fields": {"cod_usuario": 15, "titulo": "Projeto criado pelo RU empresta jogos a alunos", "palavras_chave": "", "resumo": "", "texto": "O Espa\u00e7o Conviver \u00e9 uma iniciativa do Restaurante Universit\u00e1rio da UnB, que tem objetivo de emprestar jogos como baralho, pega varetas, dama, batalha de her\u00f3is, mau-mau (jogo parecido com UNO) e domin\u00f3. Para fazer o empr\u00e9stimo dos jogos voc\u00ea precisa ir at\u00e9 \u00e0 recep\u00e7\u00e3o pr\u00f3xima a entrada do RU com a carteira estudantil ou RG, assinar um termo de responsabilidade e deixar o documento apresentado. Ap\u00f3s a devolu\u00e7\u00e3o do jogo voc\u00ea pega o documento de volta. O espa\u00e7o funciona de 11h \u00e0s 14h30. Foto: Wanessa Alves", "prioridade": 0, "link_externo": null, "link_foto": "https://i.imgur.com/7XUBVI5.jpg", "link_audio": "", "link_video": null, "link_georreferenciamento": "", "data_publicacao": "2019-10-24T13:19:21.981Z", "dia_publicacao": "2019-10-24"}}, {"model": "campus_app.noticia", "pk": 24, "fields": {"cod_usuario": 3, "titulo": "NETFLIX DE GRA\u00c7A NA BCE", "palavras_chave": "", "resumo": "", "texto": "Gente, o final de semestre est\u00e1 cansativo, n\u00e3o \u00e9? Mas voc\u00ea sabia que no Espa\u00e7o Pop, da BCE, tem uma sala de televis\u00e3o com Netflix liberado pra gente?\r\nE al\u00e9m disso, tamb\u00e9m existe o Cine Club com filmes toda quarta, 12h.\r\nQuando rolar uma folguinha das tarefas das suas mat\u00e9rias, chame seus amigos para ver um filme ou s\u00e9rie na BCE. \u00d3timo pra relaxar, n\u00e9? Foto: Ana Clara Cabeceira", "prioridade": 0, "link_externo": null, "link_foto": "https://i.imgur.com/4055dbV.jpg", "link_audio": "", "link_video": null, "link_georreferenciamento": "", "data_publicacao": "2019-10-25T14:12:32.908Z", "dia_publicacao": "2019-10-25"}}, {"model": "campus_app.noticia", "pk": 25, "fields": {"cod_usuario": 12, "titulo": "TESTE R\u00c1PIDO E GRATUITO PARA IST NA UNB", "palavras_chave": "", "resumo": "", "texto": "O polo de preven\u00e7\u00e3o de DST's e Aids realiza gratuitamente o teste r\u00e1pido de HIV, S\u00edfilis e Hepatite dos tipos B e C. Al\u00e9m do teste, ainda s\u00e3o disponibilizados diversos tipos de preservativos e cartilhas sobre sa\u00fade sexual. Os testes podem ser feitos na sala A1135/136 do ICC sul na ter\u00e7a das 14h \u00e0s 17h, na quinta de 9h \u00e0s 12h e na quarta nos dois hor\u00e1rios. Foto: Jo\u00e3o Pedro Lima", "prioridade": 0, "link_externo": null, "link_foto": "https://i.imgur.com/EDmimtT.jpg", "link_audio": "", "link_video": null, "link_georreferenciamento": "", "data_publicacao": "2019-10-25T15:54:03.932Z", "dia_publicacao": "2019-10-25"}}, {"model": "campus_app.noticia", "pk": 26, "fields": {"cod_usuario": 15, "titulo": "Estudantes da UnB agora podem usar Office 365 de gra\u00e7a", "palavras_chave": "", "resumo": "", "texto": "Desde o dia 25 deste m\u00eas, os alunos da UnB podem utilizar os programas da Microsoft Office 365 de gra\u00e7a. Para ter acesso basta acessar: www.login.microsoftonline.com e fazer o login utilizando o n\u00famero da matr\u00edcula (Ex.: matricula@aluno.unb.br) e a senha que \u00e9 a mesma do matr\u00edcula web. As vantagens desse acesso \u00e9 que os alunos podem utilizar os aplicativos da microsoft, como, por exemplo, Word, Excel e Power Point, al\u00e9m disso ainda tem acesso a 1TB de espa\u00e7o no OneDrive, sistema de armazenamento em nuvem. Arte: Wanessa Alves", "prioridade": 0, "link_externo": null, "link_foto": "https://i.imgur.com/ix0d38u.jpg", "link_audio": "", "link_video": null, "link_georreferenciamento": "", "data_publicacao": "2019-10-28T23:42:08.022Z", "dia_publicacao": "2019-10-28"}}, {"model": "campus_app.noticia", "pk": 27, "fields": {"cod_usuario": 15, "titulo": "Saiba como doar livros para a BCE", "palavras_chave": "", "resumo": "", "texto": "Sabe aquele livro que voc\u00ea n\u00e3o l\u00ea mais e que est\u00e1 na sua estante? Voc\u00ea pode doar para a Biblioteca Central dos Estudantes (BCE/UnB). A BCE aceita doa\u00e7\u00e3o de livro de escritores, sugest\u00e3o de professores e tamb\u00e9m da comunidade em geral. Para doar voc\u00ea precisa enviar uma lista dos livros ofertados para sele\u00e7\u00e3o@unb.br. A oferta ser\u00e1 analisada e se aprovada, voc\u00ea receber\u00e1 um e-mail confirmando se os livros foram ou n\u00e3o aceitos. Para mais informa\u00e7\u00f5es ligue: (061) 3107-2678. Foto: Ana Lu\u00edsa Santos", "prioridade": 0, "link_externo": null, "link_foto": "https://i.imgur.com/Q9K6hXC.jpg", "link_audio": "", "link_video": null, "link_georreferenciamento": "", "data_publicacao": "2019-10-29T23:59:42.748Z", "dia_publicacao": "2019-10-29"}}, {"model": "campus_app.noticia", "pk": 28, "fields": {"cod_usuario": 6, "titulo": "Lendas Urbanas da UnB", "palavras_chave": "", "resumo": "", "texto": "Alunos que viram gatos, pratos de origem duvidosa no RU, \u00f4nibus que passa por dentro do ICC\u2026 S\u00e3o muitas as lendas urbanas que podem ser ouvidas na UnB. Em comemora\u00e7\u00e3o ao dia de Haloween, nossa equipe investigou e selecionou um pequeno apanhado dessas hist\u00f3rias. Voc\u00ea pode conferir clicando em \"leia mais\", na mat\u00e9ria assinada por Thales Alves.", "prioridade": 0, "link_externo": "https://www.facebook.com/142556469173678/posts/2446811838748118/", "link_foto": "https://i.imgur.com/MiZeGu0.jpg", "link_audio": "", "link_video": null, "link_georreferenciamento": "", "data_publicacao": "2019-11-01T00:08:42.914Z", "dia_publicacao": "2019-10-31"}}, {"model": "campus_app.noticia", "pk": 29, "fields": {"cod_usuario": 15, "titulo": "HVet promove doa\u00e7\u00e3o de sangue de cachorros", "palavras_chave": "", "resumo": "", "texto": "O projeto de extens\u00e3o do Hvet \u201cBanco de Sangue Canino\" existe desde 2011 com o intuito de coletar e fazer a transfus\u00e3o de sangue canino. Se seu pet  tiver entre 1 e 8 anos, mais de 25kg, estar com as vacinas em dia e \u00e9 d\u00f3cil voc\u00ea pode autoriz\u00e1-lo a ser doador.  Mas antes de fazer a doa\u00e7\u00e3o ele precisa fazer alguns exames que s\u00e3o feitos no Hvet e demoram cerca de 20 minutos para ficarem prontos. Voc\u00ea pode entrar em contato com o banco de sangue atrav\u00e9s das redes sociais do projeto e tamb\u00e9m por e-mail: bscanino@gmail.com. Reportagem: Ana Clara Cabeceira, Ana Lu\u00edsa Santos e Wanessa Alves.", "prioridade": 0, "link_externo": null, "link_foto": "https://i.imgur.com/9ojcYET.jpg", "link_audio": "", "link_video": null, "link_georreferenciamento": "", "data_publicacao": "2019-11-02T23:10:48.808Z", "dia_publicacao": "2019-11-02"}}, {"model": "campus_app.noticia", "pk": 30, "fields": {"cod_usuario": 18, "titulo": "Podcast: Cobertura das Paralimp\u00edadas", "palavras_chave": "", "resumo": "", "texto": "Podcast produzido pelos jornalistas do Campus Multiplataforma. No programa conhecemos o aluno Victor Henrique, da Faculdade de Comunica\u00e7\u00e3o (FAC/UnB) e seu TCC sobre a cobertura realizada pela TV Brasil das Paralimp\u00edadas do Rio de Janeiro em 2016. O Brasil \u00e9 uma pot\u00eancia nas paralimp\u00edadas que conquistou o oitavo lugar no quadro de medalhas da competi\u00e7\u00e3o e mesmo assim a cobertura da grande maioria dos meios de comunica\u00e7\u00e3o foi m\u00ednima e insuficiente. Buscando cumprir seu papel social a TV Brasil puxou para s\u00ed essa responsabilidade e o Victor explicou esse assunto melhor para gente. Vem conferir!", "prioridade": 0, "link_externo": "https://open.spotify.com/episode/7pikSNqD5HrSM52Rupu4UP?si=QPzQlTBgRfOxqOXHQSjeuQ", "link_foto": "https://i.imgur.com/2SheTX8.jpg", "link_audio": "", "link_video": null, "link_georreferenciamento": "", "data_publicacao": "2019-11-04T18:21:03.841Z", "dia_publicacao": "2019-11-04"}}, {"model": "campus_app.noticia", "pk": 31, "fields": {"cod_usuario": 17, "titulo": "Projeto da UnB re\u00fane acervo sobre o Cerrado", "palavras_chave": "", "resumo": "", "texto": "Museu do Cerrado \u00e9 um projeto de extens\u00e3o desenvolvido em 2017 pela professora Ros\u00e2ngela Corr\u00eaa da Faculdade de Educa\u00e7\u00e3o (UnB). Nele v\u00e1rios conte\u00fados sobre o Cerrado como, por exemplo,  gastronomia, o sistema biogeogr\u00e1fico, as comunidades tradicionais e os povos, est\u00e3o no site de gra\u00e7a. O museu atualmente conta com mais de 20 alunos de 11 cursos diferentes. O projeto pode ser visitado por meio do endere\u00e7o www.museucerrado.com.br. Para participar, basta enviar um e-mail pelo site, na \u00e1rea \"contato\". Informa\u00e7\u00f5es: Bruno Corr\u00eaa", "prioridade": 0, "link_externo": null, "link_foto": "https://i.imgur.com/9fTXGXa.jpg", "link_audio": "", "link_video": null, "link_georreferenciamento": "", "data_publicacao": "2019-11-04T21:13:50.885Z", "dia_publicacao": "2019-11-04"}}, {"model": "campus_app.noticia", "pk": 34, "fields": {"cod_usuario": 14, "titulo": "Atividades que aliviam o estresse na UnB", "palavras_chave": "", "resumo": "", "texto": "Que a Universidade \u00e9 estressante todo mundo j\u00e1 sabe, mas sabia que existe na UnB atividades que procuram aliviar um pouco esse estresse? Por isso a equipe do Campus preparou uma pequena reportagem para contar um pouco mais sobre dois projetos desenvolvidos por alunos na Universidade: a Oficina Livre e o Meditacom. Rep\u00f3rteres: Anny West e Jessica Cardoso", "prioridade": 0, "link_externo": null, "link_foto": null, "link_audio": "", "link_video": "https://www.youtube.com/embed/WostXkFaD0k", "link_georreferenciamento": "", "data_publicacao": "2019-11-06T02:40:51.922Z", "dia_publicacao": "2019-11-05"}}, {"model": "campus_app.noticia", "pk": 35, "fields": {"cod_usuario": 21, "titulo": "CR\u00d4NICA: \"MEU LUGAR NA UNIVERSIDADE P\u00daBLICA", "palavras_chave": "", "resumo": "", "texto": "Confira a Cr\u00f4nica que fala da trajet\u00f3ria de uma pessoa de baixa renda at\u00e9 a universidade federal. A realidade do ensino superior p\u00fablico \u00e9 mais dif\u00edcil para as pessoas que precisam conciliar a gera\u00e7\u00e3o de renda com a vida acad\u00eamica. Diariamente surgem dificuldades, desde um professor que n\u00e3o entende a dificuldade de percurso at\u00e9 a sala de aula, \u00e0 o atraso na obten\u00e7\u00e3o do diploma por s\u00f3 poder frequentar as aulas num turno. \r\n\r\n\r\nConfira a narrativa na \u00edntegra", "prioridade": 0, "link_externo": "https://bit.ly/2COUfz7", "link_foto": "https://i.imgur.com/wPhOWUt.jpg", "link_audio": "", "link_video": null, "link_georreferenciamento": "", "data_publicacao": "2019-11-15T17:45:22.442Z", "dia_publicacao": "2019-11-15"}}, {"model": "campus_app.noticia", "pk": 36, "fields": {"cod_usuario": 15, "titulo": "\u00c9 hora de dar tchau", "palavras_chave": "", "resumo": "", "texto": "Voc\u00ea j\u00e1 deve ter percebido que todo semestre a equipe do Campus muda, n\u00e9? Isso acontece para que todos os alunos de Jornalismo da UnB tenham a experi\u00eancia de trabalhar no Jornal Campus Multiplataforma e aprender na pr\u00e1tica a profiss\u00e3o. Durante pouco mais de 30 dia, nossa equipe trabalhou com muita dedica\u00e7\u00e3o para levar a melhor informa\u00e7\u00e3o a voc\u00eas, nossos leitores. Infelizmente nosso per\u00edodo de produ\u00e7\u00e3o chegou ao fim, mas no pr\u00f3ximo semestre outra equipe ir\u00e1 comandar o Campus. Agradecemos a todos os que nos acompanharam durante esse semestre e desejamos boa sorte aos que vir\u00e3o.", "prioridade": 0, "link_externo": null, "link_foto": null, "link_audio": "", "link_video": "https://www.youtube.com/embed/R2WOoKi8kok", "link_georreferenciamento": "", "data_publicacao": "2019-11-15T23:33:52.525Z", "dia_publicacao": "2019-11-15"}}, {"model": "admin.logentry", "pk": 1, "fields": {"action_time": "2019-09-26T17:02:48.818Z", "user": 1, "content_type": 3, "object_id": "1", "object_repr": "Rep\u00f3rter", "action_flag": 2, "change_message": "[{\"changed\": {\"fields\": [\"name\"]}}]"}}, {"model": "admin.logentry", "pk": 2, "fields": {"action_time": "2019-09-27T19:44:49.350Z", "user": 1, "content_type": 4, "object_id": "1", "object_repr": "sousa", "action_flag": 2, "change_message": "[{\"changed\": {\"fields\": [\"first_name\", \"last_name\"]}}]"}}, {"model": "admin.logentry", "pk": 3, "fields": {"action_time": "2019-09-27T19:48:03.975Z", "user": 1, "content_type": 4, "object_id": "20", "object_repr": "macedo", "action_flag": 1, "change_message": "[{\"added\": {}}]"}}, {"model": "admin.logentry", "pk": 4, "fields": {"action_time": "2019-09-27T19:48:38.804Z", "user": 1, "content_type": 4, "object_id": "20", "object_repr": "macedo", "action_flag": 2, "change_message": "[{\"changed\": {\"fields\": [\"first_name\", \"last_name\", \"email\", \"is_staff\", \"is_superuser\"]}}]"}}]